Timestamp,VM,TimeNs
2026-05-19T14:47:12.837Z,V8,93000
2026-05-19T14:47:12.837Z,V8,25000
2026-05-19T14:47:12.837Z,V8,21000
2026-05-19T14:47:12.837Z,V8,21000
2026-05-19T14:47:12.837Z,V8,27000
2026-05-19T14:47:12.837Z,V8,26000
2026-05-19T14:47:12.837Z,V8,22000
2026-05-19T14:47:12.837Z,V8,21000
2026-05-19T14:47:12.837Z,V8,22000
2026-05-19T14:47:12.837Z,V8,46000
2026-05-19T14:47:12.837Z,V8,23000
2026-05-19T14:47:12.837Z,V8,22000
2026-05-19T14:47:12.837Z,V8,22000
2026-05-19T14:47:12.837Z,V8,159000
2026-05-19T14:47:12.837Z,V8,20000
2026-05-19T14:47:12.837Z,V8,21000
2026-05-19T14:47:12.837Z,V8,26000
2026-05-19T14:47:12.837Z,V8,25000
2026-05-19T14:47:12.837Z,V8,22000
2026-05-19T14:47:12.837Z,V8,22000
2026-05-19T14:47:12.837Z,V8,24000
2026-05-19T14:47:12.837Z,V8,26000
2026-05-19T14:47:12.837Z,V8,22000
2026-05-19T14:47:12.837Z,V8,21000
2026-05-19T14:47:12.837Z,V8,21000
2026-05-19T14:47:12.837Z,V8,21000
2026-05-19T14:47:12.837Z,V8,21000
2026-05-19T14:47:12.837Z,V8,21000
2026-05-19T14:47:12.837Z,V8,21000
2026-05-19T14:47:12.837Z,V8,21000
2026-05-19T14:47:12.837Z,V8,21000
2026-05-19T14:47:12.837Z,V8,21000
2026-05-19T14:47:12.837Z,V8,21000
2026-05-19T14:47:12.837Z,V8,22000
2026-05-19T14:47:12.837Z,V8,21000
2026-05-19T14:47:12.837Z,V8,22000
2026-05-19T14:47:12.837Z,V8,24000
2026-05-19T14:47:12.837Z,V8,22000
2026-05-19T14:47:12.837Z,V8,29000
2026-05-19T14:47:12.837Z,V8,24000
2026-05-19T14:47:12.837Z,V8,23000
2026-05-19T14:47:12.837Z,V8,22000
2026-05-19T14:47:12.837Z,V8,25000
2026-05-19T14:47:12.837Z,V8,26000
2026-05-19T14:47:12.837Z,V8,23000
2026-05-19T14:47:12.837Z,V8,22000
2026-05-19T14:47:12.837Z,V8,23000
2026-05-19T14:47:12.837Z,V8,28000
2026-05-19T14:47:12.837Z,V8,22000
2026-05-19T14:47:12.837Z,V8,24000
